{
    "assetCategories": {
        "3D asset": {
            "food": {
                "fruit": {}
            }
        }
    },
    "averageColor": "#9C6031",
    "brushes": [],
    "categories": [
        "3d",
        "edible",
        "fruits"
    ],
    "comp_version": 1,
    "displacement_bias_tier1": 0.923641,
    "displacement_scale_tier1": 0.789115,
    "environment": {
        "biome": "undefined",
        "region": "Europe"
    },
    "highest_available_res": 8192,
    "id": "tl2kealva",
    "is_uefn_compatible": true,
    "json": {
        "contentLength": 21622,
        "uri": "tl2kealva.json"
    },
    "maps": [
        {
            "averageColor": "#F6F6F6",
            "bitDepth": 32,
            "colorSpace": "sRGB",
            "contentLength": 111664927,
            "maxIntensity": 255,
            "mimeType": "image/x-exr",
            "minIntensity": 156,
            "name": "AO",
            "physicalSize": "1x1",
            "resolution": "8192x8192",
            "tier": 0,
            "type": "ao",
            "uri": "tier_0/tl2kealva_8K_AO.exr"
        },
        {
            "averageColor": "#F6F6F6",
            "bitDepth": 8,
            "colorSpace": "sRGB",
            "contentLength": 6634840,
            "maxIntensity": 255,
            "mimeType": "image/jpeg",
            "minIntensity": 156,
            "name": "AO",
            "physicalSize": "1x1",
            "resolution": "8192x8192",
            "tier": 0,
            "type": "ao",
            "uri": "tier_0/tl2kealva_8K_AO.jpg"
        },
        {
            "averageColor": "#9C6031",
            "bitDepth": 16,
            "colorSpace": "sRGB",
            "contentLength": 196258671,
            "maxIntensity": 185,
            "mimeType": "image/x-exr",
            "minIntensity": 35,
            "name": "Basecolor",
            "physicalSize": "1x1",
            "resolution": "8192x8192",
            "tier": 0,
            "type": "basecolor",
            "uri": "tier_0/tl2kealva_8K_Basecolor.exr"
        },
        {
            "averageColor": "#9C6031",
            "bitDepth": 8,
            "colorSpace": "sRGB",
            "contentLength": 27344682,
            "maxIntensity": 185,
            "mimeType": "image/jpeg",
            "minIntensity": 35,
            "name": "Basecolor",
            "physicalSize": "1x1",
            "resolution": "8192x8192",
            "tier": 0,
            "type": "basecolor",
            "uri": "tier_0/tl2kealva_8K_Basecolor.jpg"
        },
        {
            "averageColor": "#F5F5F5",
            "bitDepth": 32,
            "colorSpace": "sRGB",
            "contentLength": 190668812,
            "maxIntensity": 255,
            "mimeType": "image/x-exr",
            "minIntensity": 229,
            "name": "Cavity",
            "physicalSize": "1x1",
            "resolution": "8192x8192",
            "tier": 0,
            "type": "cavity",
            "uri": "tier_0/tl2kealva_8K_Cavity.exr"
        },
        {
            "averageColor": "#F5F5F5",
            "bitDepth": 8,
            "colorSpace": "sRGB",
            "contentLength": 28363798,
            "maxIntensity": 255,
            "mimeType": "image/jpeg",
            "minIntensity": 229,
            "name": "Cavity",
            "physicalSize": "1x1",
            "resolution": "8192x8192",
            "tier": 0,
            "type": "cavity",
            "uri": "tier_0/tl2kealva_8K_Cavity.jpg"
        },
        {
            "averageColor": "#7E7E7E",
            "bitDepth": 32,
            "colorSpace": "Linear",
            "contentLength": 197922063,
            "maxIntensity": 203,
            "mimeType": "image/x-exr",
            "minIntensity": 57,
            "name": "Gloss",
            "physicalSize": "1x1",
            "resolution": "8192x8192",
            "tier": 0,
            "type": "gloss",
            "uri": "tier_0/tl2kealva_8K_Gloss.exr"
        },
        {
            "averageColor": "#7E7E7E",
            "bitDepth": 8,
            "colorSpace": "Linear",
            "contentLength": 19722496,
            "maxIntensity": 203,
            "mimeType": "image/jpeg",
            "minIntensity": 57,
            "name": "Gloss",
            "physicalSize": "1x1",
            "resolution": "8192x8192",
            "tier": 0,
            "type": "gloss",
            "uri": "tier_0/tl2kealva_8K_Gloss.jpg"
        },
        {
            "bitDepth": 16,
            "colorspace": "linear",
            "contentLength": 125510729,
            "mimeType": "image/x-exr",
            "name": "Normal",
            "resolution": "8192x8192",
            "tier": 0,
            "type": "normal",
            "uri": "tier_0/tl2kealva_8K_Normal.exr"
        },
        {
            "bitDepth": 8,
            "colorspace": "linear",
            "contentLength": 33854587,
            "mimeType": "image/jpeg",
            "name": "Normal",
            "resolution": "8192x8192",
            "tier": 0,
            "type": "normal",
            "uri": "tier_0/tl2kealva_8K_Normal.jpg"
        },
        {
            "averageColor": "#858585",
            "bitDepth": 32,
            "colorSpace": "Linear",
            "contentLength": 196818379,
            "maxIntensity": 205,
            "mimeType": "image/x-exr",
            "minIntensity": 60,
            "name": "Roughness",
            "physicalSize": "1x1",
            "resolution": "8192x8192",
            "tier": 0,
            "type": "roughness",
            "uri": "tier_0/tl2kealva_8K_Roughness.exr"
        },
        {
            "averageColor": "#858585",
            "bitDepth": 8,
            "colorSpace": "Linear",
            "contentLength": 19702715,
            "maxIntensity": 205,
            "mimeType": "image/jpeg",
            "minIntensity": 60,
            "name": "Roughness",
            "physicalSize": "1x1",
            "resolution": "8192x8192",
            "tier": 0,
            "type": "roughness",
            "uri": "tier_0/tl2kealva_8K_Roughness.jpg"
        },
        {
            "averageColor": "#333333",
            "bitDepth": 16,
            "colorSpace": "sRGB",
            "contentLength": 167026418,
            "maxIntensity": 53,
            "mimeType": "image/x-exr",
            "minIntensity": 46,
            "name": "Specular",
            "physicalSize": "1x1",
            "resolution": "8192x8192",
            "tier": 0,
            "type": "specular",
            "uri": "tier_0/tl2kealva_8K_Specular.exr"
        },
        {
            "averageColor": "#333333",
            "bitDepth": 8,
            "colorSpace": "sRGB",
            "contentLength": 15351401,
            "maxIntensity": 53,
            "mimeType": "image/jpeg",
            "minIntensity": 46,
            "name": "Specular",
            "physicalSize": "1x1",
            "resolution": "8192x8192",
            "tier": 0,
            "type": "specular",
            "uri": "tier_0/tl2kealva_8K_Specular.jpg"
        },
        {
            "averageColor": "#F6F6F6",
            "bitDepth": 32,
            "colorSpace": "sRGB",
            "contentLength": 111664927,
            "maxIntensity": 255,
            "mimeType": "image/x-exr",
            "minIntensity": 156,
            "name": "AO",
            "physicalSize": "1x1",
            "resolution": "8192x8192",
            "tier": 1,
            "type": "ao",
            "uri": "tier_1/tl2kealva_8K_AO.exr"
        },
        {
            "averageColor": "#F6F6F6",
            "bitDepth": 8,
            "colorSpace": "sRGB",
            "contentLength": 6634840,
            "maxIntensity": 255,
            "mimeType": "image/jpeg",
            "minIntensity": 156,
            "name": "AO",
            "physicalSize": "1x1",
            "resolution": "8192x8192",
            "tier": 1,
            "type": "ao",
            "uri": "tier_1/tl2kealva_8K_AO.jpg"
        },
        {
            "averageColor": "#9C6031",
            "bitDepth": 16,
            "colorSpace": "sRGB",
            "contentLength": 196258671,
            "maxIntensity": 185,
            "mimeType": "image/x-exr",
            "minIntensity": 35,
            "name": "Basecolor",
            "physicalSize": "1x1",
            "resolution": "8192x8192",
            "tier": 1,
            "type": "basecolor",
            "uri": "tier_1/tl2kealva_8K_Basecolor.exr"
        },
        {
            "averageColor": "#9C6031",
            "bitDepth": 8,
            "colorSpace": "sRGB",
            "contentLength": 27344682,
            "maxIntensity": 185,
            "mimeType": "image/jpeg",
            "minIntensity": 35,
            "name": "Basecolor",
            "physicalSize": "1x1",
            "resolution": "8192x8192",
            "tier": 1,
            "type": "basecolor",
            "uri": "tier_1/tl2kealva_8K_Basecolor.jpg"
        },
        {
            "averageColor": "#F5F5F5",
            "bitDepth": 32,
            "colorSpace": "sRGB",
            "contentLength": 190668812,
            "maxIntensity": 255,
            "mimeType": "image/x-exr",
            "minIntensity": 229,
            "name": "Cavity",
            "physicalSize": "1x1",
            "resolution": "8192x8192",
            "tier": 1,
            "type": "cavity",
            "uri": "tier_1/tl2kealva_8K_Cavity.exr"
        },
        {
            "averageColor": "#F5F5F5",
            "bitDepth": 8,
            "colorSpace": "sRGB",
            "contentLength": 28363798,
            "maxIntensity": 255,
            "mimeType": "image/jpeg",
            "minIntensity": 229,
            "name": "Cavity",
            "physicalSize": "1x1",
            "resolution": "8192x8192",
            "tier": 1,
            "type": "cavity",
            "uri": "tier_1/tl2kealva_8K_Cavity.jpg"
        },
        {
            "averageColor": "#828282",
            "bitDepth": 32,
            "colorSpace": "Linear",
            "contentLength": 161014190,
            "maxIntensity": 132,
            "mimeType": "image/x-exr",
            "minIntensity": 129,
            "name": "Displacement",
            "physicalSize": "1x1",
            "resolution": "8192x8192",
            "tier": 1,
            "type": "displacement",
            "uri": "tier_1/tl2kealva_8K_Displacement.exr"
        },
        {
            "averageColor": "#828282",
            "bitDepth": 8,
            "colorSpace": "Linear",
            "contentLength": 2315137,
            "maxIntensity": 132,
            "mimeType": "image/jpeg",
            "minIntensity": 129,
            "name": "Displacement",
            "physicalSize": "1x1",
            "resolution": "8192x8192",
            "tier": 1,
            "type": "displacement",
            "uri": "tier_1/tl2kealva_8K_Displacement.jpg"
        },
        {
            "averageColor": "#7E7E7E",
            "bitDepth": 32,
            "colorSpace": "Linear",
            "contentLength": 197922063,
            "maxIntensity": 203,
            "mimeType": "image/x-exr",
            "minIntensity": 57,
            "name": "Gloss",
            "physicalSize": "1x1",
            "resolution": "8192x8192",
            "tier": 1,
            "type": "gloss",
            "uri": "tier_1/tl2kealva_8K_Gloss.exr"
        },
        {
            "averageColor": "#7E7E7E",
            "bitDepth": 8,
            "colorSpace": "Linear",
            "contentLength": 19722496,
            "maxIntensity": 203,
            "mimeType": "image/jpeg",
            "minIntensity": 57,
            "name": "Gloss",
            "physicalSize": "1x1",
            "resolution": "8192x8192",
            "tier": 1,
            "type": "gloss",
            "uri": "tier_1/tl2kealva_8K_Gloss.jpg"
        },
        {
            "bitDepth": 16,
            "colorspace": "linear",
            "contentLength": 132117975,
            "mimeType": "image/x-exr",
            "name": "Normal",
            "resolution": "8192x8192",
            "tier": 1,
            "type": "normal",
            "uri": "tier_1/tl2kealva_8K_Normal.exr"
        },
        {
            "bitDepth": 8,
            "colorspace": "linear",
            "contentLength": 35404638,
            "mimeType": "image/jpeg",
            "name": "Normal",
            "resolution": "8192x8192",
            "tier": 1,
            "type": "normal",
            "uri": "tier_1/tl2kealva_8K_Normal.jpg"
        },
        {
            "averageColor": "#858585",
            "bitDepth": 32,
            "colorSpace": "Linear",
            "contentLength": 196818379,
            "maxIntensity": 205,
            "mimeType": "image/x-exr",
            "minIntensity": 60,
            "name": "Roughness",
            "physicalSize": "1x1",
            "resolution": "8192x8192",
            "tier": 1,
            "type": "roughness",
            "uri": "tier_1/tl2kealva_8K_Roughness.exr"
        },
        {
            "averageColor": "#858585",
            "bitDepth": 8,
            "colorSpace": "Linear",
            "contentLength": 19702715,
            "maxIntensity": 205,
            "mimeType": "image/jpeg",
            "minIntensity": 60,
            "name": "Roughness",
            "physicalSize": "1x1",
            "resolution": "8192x8192",
            "tier": 1,
            "type": "roughness",
            "uri": "tier_1/tl2kealva_8K_Roughness.jpg"
        },
        {
            "averageColor": "#333333",
            "bitDepth": 16,
            "colorSpace": "sRGB",
            "contentLength": 167026418,
            "maxIntensity": 53,
            "mimeType": "image/x-exr",
            "minIntensity": 46,
            "name": "Specular",
            "physicalSize": "1x1",
            "resolution": "8192x8192",
            "tier": 1,
            "type": "specular",
            "uri": "tier_1/tl2kealva_8K_Specular.exr"
        },
        {
            "averageColor": "#333333",
            "bitDepth": 8,
            "colorSpace": "sRGB",
            "contentLength": 15351401,
            "maxIntensity": 53,
            "mimeType": "image/jpeg",
            "minIntensity": 46,
            "name": "Specular",
            "physicalSize": "1x1",
            "resolution": "8192x8192",
            "tier": 1,
            "type": "specular",
            "uri": "tier_1/tl2kealva_8K_Specular.jpg"
        },
        {
            "averageColor": "#F6F6F6",
            "bitDepth": 32,
            "colorSpace": "sRGB",
            "contentLength": 111664927,
            "maxIntensity": 255,
            "mimeType": "image/x-exr",
            "minIntensity": 156,
            "name": "AO",
            "physicalSize": "1x1",
            "resolution": "8192x8192",
            "tier": 2,
            "type": "ao",
            "uri": "tier_2/tl2kealva_8K_AO.exr"
        },
        {
            "averageColor": "#F6F6F6",
            "bitDepth": 8,
            "colorSpace": "sRGB",
            "contentLength": 6634840,
            "maxIntensity": 255,
            "mimeType": "image/jpeg",
            "minIntensity": 156,
            "name": "AO",
            "physicalSize": "1x1",
            "resolution": "8192x8192",
            "tier": 2,
            "type": "ao",
            "uri": "tier_2/tl2kealva_8K_AO.jpg"
        },
        {
            "averageColor": "#9C6031",
            "bitDepth": 16,
            "colorSpace": "sRGB",
            "contentLength": 196258671,
            "maxIntensity": 185,
            "mimeType": "image/x-exr",
            "minIntensity": 35,
            "name": "Basecolor",
            "physicalSize": "1x1",
            "resolution": "8192x8192",
            "tier": 2,
            "type": "basecolor",
            "uri": "tier_2/tl2kealva_8K_Basecolor.exr"
        },
        {
            "averageColor": "#9C6031",
            "bitDepth": 8,
            "colorSpace": "sRGB",
            "contentLength": 27344682,
            "maxIntensity": 185,
            "mimeType": "image/jpeg",
            "minIntensity": 35,
            "name": "Basecolor",
            "physicalSize": "1x1",
            "resolution": "8192x8192",
            "tier": 2,
            "type": "basecolor",
            "uri": "tier_2/tl2kealva_8K_Basecolor.jpg"
        },
        {
            "averageColor": "#F5F5F5",
            "bitDepth": 32,
            "colorSpace": "sRGB",
            "contentLength": 190668812,
            "maxIntensity": 255,
            "mimeType": "image/x-exr",
            "minIntensity": 229,
            "name": "Cavity",
            "physicalSize": "1x1",
            "resolution": "8192x8192",
            "tier": 2,
            "type": "cavity",
            "uri": "tier_2/tl2kealva_8K_Cavity.exr"
        },
        {
            "averageColor": "#F5F5F5",
            "bitDepth": 8,
            "colorSpace": "sRGB",
            "contentLength": 28363798,
            "maxIntensity": 255,
            "mimeType": "image/jpeg",
            "minIntensity": 229,
            "name": "Cavity",
            "physicalSize": "1x1",
            "resolution": "8192x8192",
            "tier": 2,
            "type": "cavity",
            "uri": "tier_2/tl2kealva_8K_Cavity.jpg"
        },
        {
            "averageColor": "#7E7E7E",
            "bitDepth": 32,
            "colorSpace": "Linear",
            "contentLength": 197922063,
            "maxIntensity": 203,
            "mimeType": "image/x-exr",
            "minIntensity": 57,
            "name": "Gloss",
            "physicalSize": "1x1",
            "resolution": "8192x8192",
            "tier": 2,
            "type": "gloss",
            "uri": "tier_2/tl2kealva_8K_Gloss.exr"
        },
        {
            "averageColor": "#7E7E7E",
            "bitDepth": 8,
            "colorSpace": "Linear",
            "contentLength": 19722496,
            "maxIntensity": 203,
            "mimeType": "image/jpeg",
            "minIntensity": 57,
            "name": "Gloss",
            "physicalSize": "1x1",
            "resolution": "8192x8192",
            "tier": 2,
            "type": "gloss",
            "uri": "tier_2/tl2kealva_8K_Gloss.jpg"
        },
        {
            "bitDepth": 16,
            "colorspace": "linear",
            "contentLength": 125414269,
            "mimeType": "image/x-exr",
            "name": "Normal",
            "resolution": "8192x8192",
            "tier": 2,
            "type": "normal",
            "uri": "tier_2/tl2kealva_8K_Normal.exr"
        },
        {
            "bitDepth": 8,
            "colorspace": "linear",
            "contentLength": 29961926,
            "mimeType": "image/jpeg",
            "name": "Normal",
            "resolution": "8192x8192",
            "tier": 2,
            "type": "normal",
            "uri": "tier_2/tl2kealva_8K_Normal.jpg"
        },
        {
            "averageColor": "#858585",
            "bitDepth": 32,
            "colorSpace": "Linear",
            "contentLength": 196818379,
            "maxIntensity": 205,
            "mimeType": "image/x-exr",
            "minIntensity": 60,
            "name": "Roughness",
            "physicalSize": "1x1",
            "resolution": "8192x8192",
            "tier": 2,
            "type": "roughness",
            "uri": "tier_2/tl2kealva_8K_Roughness.exr"
        },
        {
            "averageColor": "#858585",
            "bitDepth": 8,
            "colorSpace": "Linear",
            "contentLength": 19702715,
            "maxIntensity": 205,
            "mimeType": "image/jpeg",
            "minIntensity": 60,
            "name": "Roughness",
            "physicalSize": "1x1",
            "resolution": "8192x8192",
            "tier": 2,
            "type": "roughness",
            "uri": "tier_2/tl2kealva_8K_Roughness.jpg"
        },
        {
            "averageColor": "#333333",
            "bitDepth": 16,
            "colorSpace": "sRGB",
            "contentLength": 167026418,
            "maxIntensity": 53,
            "mimeType": "image/x-exr",
            "minIntensity": 46,
            "name": "Specular",
            "physicalSize": "1x1",
            "resolution": "8192x8192",
            "tier": 2,
            "type": "specular",
            "uri": "tier_2/tl2kealva_8K_Specular.exr"
        },
        {
            "averageColor": "#333333",
            "bitDepth": 8,
            "colorSpace": "sRGB",
            "contentLength": 15351401,
            "maxIntensity": 53,
            "mimeType": "image/jpeg",
            "minIntensity": 46,
            "name": "Specular",
            "physicalSize": "1x1",
            "resolution": "8192x8192",
            "tier": 2,
            "type": "specular",
            "uri": "tier_2/tl2kealva_8K_Specular.jpg"
        },
        {
            "averageColor": "#F6F6F6",
            "bitDepth": 8,
            "colorSpace": "sRGB",
            "contentLength": 3633202,
            "maxIntensity": 255,
            "mimeType": "image/jpeg",
            "minIntensity": 156,
            "name": "AO",
            "physicalSize": "1x1",
            "resolution": "4096x4096",
            "tier": 3,
            "type": "ao",
            "uri": "tier_3/tl2kealva_4K_AO.jpg"
        },
        {
            "averageColor": "#9C6031",
            "bitDepth": 8,
            "colorSpace": "sRGB",
            "contentLength": 9777752,
            "maxIntensity": 185,
            "mimeType": "image/jpeg",
            "minIntensity": 35,
            "name": "Basecolor",
            "physicalSize": "1x1",
            "resolution": "4096x4096",
            "tier": 3,
            "type": "basecolor",
            "uri": "tier_3/tl2kealva_4K_Basecolor.jpg"
        },
        {
            "bitDepth": 8,
            "colorspace": "linear",
            "contentLength": 9870330,
            "mimeType": "image/jpeg",
            "name": "Normal",
            "resolution": "4096x4096",
            "tier": 3,
            "type": "normal",
            "uri": "tier_3/tl2kealva_4K_Normal.jpg"
        },
        {
            "averageColor": "#858585",
            "bitDepth": 8,
            "colorSpace": "Linear",
            "contentLength": 7510848,
            "maxIntensity": 205,
            "mimeType": "image/jpeg",
            "minIntensity": 60,
            "name": "Roughness",
            "physicalSize": "1x1",
            "resolution": "4096x4096",
            "tier": 3,
            "type": "roughness",
            "uri": "tier_3/tl2kealva_4K_Roughness.jpg"
        }
    ],
    "meta": [
        {
            "key": "assembly",
            "name": "Assembly",
            "value": "false"
        },
        {
            "key": "small3dasset",
            "name": "Small3dAsset",
            "value": "true"
        },
        {
            "key": "color",
            "name": "Color",
            "value": "Red"
        },
        {
            "key": "points",
            "name": "Points",
            "value": 4
        },
        {
            "key": "texelDensity",
            "name": "Texel Density",
            "value": "3882 px/m"
        },
        {
            "key": "length",
            "name": "Length",
            "value": "0.12m"
        },
        {
            "key": "width",
            "name": "Width",
            "value": "0.12m"
        },
        {
            "key": "height",
            "name": "Height",
            "value": "0.11m"
        }
    ],
    "models": [
        {
            "contentLength": 261879872,
            "mimeType": "application/x-fbx",
            "tier": 0,
            "tris": 6473019,
            "uri": "tier_0/tl2kealva.fbx"
        },
        {
            "contentLength": 1389968,
            "mimeType": "application/x-fbx",
            "tier": 1,
            "tris": 26162,
            "uri": "tier_1/tl2kealva.fbx"
        },
        {
            "contentLength": 439936,
            "mimeType": "application/x-fbx",
            "tier": 2,
            "tris": 12521,
            "uri": "tier_2/tl2kealva.fbx"
        },
        {
            "contentLength": 175184,
            "mimeType": "application/x-fbx",
            "tier": 3,
            "tris": 1317,
            "uri": "tier_3/tl2kealva.fbx"
        }
    ],
    "name": "Apples Pack",
    "pack": {
        "_id": "definitive-fruits",
        "name": "Definitive Fruits"
    },
    "physicalSize": "1x1",
    "points": 4,
    "previews": {
        "images": [
            {
                "contentLength": 2042835,
                "content_length": 127573,
                "resolution": "1920x1080",
                "uri": "tl2kealva_preview.png"
            }
        ],
        "relativeSize": "2x1"
    },
    "process_date": "2023-11-23 11:27:14",
    "properties": [
        {
            "key": "size",
            "value": "small"
        },
        {
            "key": "mesh type",
            "value": "Closed"
        }
    ],
    "referencePreviews": {
        "maps": [],
        "models": [
            {
                "contentLength": 1400192,
                "mimeType": "application/x-fbx",
                "tris": 26162,
                "uri": "tl2kealva_layout.fbx"
            }
        ]
    },
    "references": [],
    "revised": false,
    "revision": 0,
    "semanticTags": {
        "3d_mesh": "Closed",
        "architectural_style": {},
        "asset_type": "3D asset",
        "city": [],
        "color": [
            "red",
            " green",
            " yellow"
        ],
        "contains": [
            "apples",
            "pack"
        ],
        "descriptive": [
            "fresh",
            " clean",
            " shiny",
            "scatter"
        ],
        "environment": [
            "rural",
            "urban"
        ],
        "industry": [
            "archviz",
            "games",
            "VFX"
        ],
        "interior_exterior": [],
        "locations": {},
        "maxSize": 0.12,
        "minSize": 0.11,
        "name": "Apples Pack",
        "orientation": [],
        "resolution": 8192,
        "state": [
            "new"
        ],
        "subject_matter": "nature",
        "theme": [
            "kitchen",
            " fruit basket",
            " grocery store"
        ]
    },
    "tags": [
        "pack",
        "fresh",
        "archviz",
        "red",
        "yellow",
        "green",
        "cmb_scatter",
        "scatter",
        "cmb_asset"
    ],
    "texelDensity": 2831,
    "texture_type": "basic",
    "ue_plugin_archives": [
        {
            "contentLength": 324149227,
            "gltfVersion": "2.0",
            "tier": 0,
            "type": "gltf",
            "uri": "ue_plugin_archives/tier_0/tl2kealva_tier_0.zip",
            "version": 1
        },
        {
            "contentLength": 54746182,
            "gltfVersion": "2.0",
            "tier": 1,
            "type": "gltf",
            "uri": "ue_plugin_archives/tier_1/tl2kealva_tier_1.zip",
            "version": 1
        },
        {
            "contentLength": 15114808,
            "gltfVersion": "2.0",
            "tier": 2,
            "type": "gltf",
            "uri": "ue_plugin_archives/tier_2/tl2kealva_tier_2.zip",
            "version": 1
        },
        {
            "contentLength": 1377790,
            "gltfVersion": "2.0",
            "tier": 3,
            "type": "gltf",
            "uri": "ue_plugin_archives/tier_3/tl2kealva_tier_3.zip",
            "version": 1
        }
    ],
    "version": 2
}